scenario,number_extend,count,mean_anchoring_time,std,min,percentile25,percentile50,percentile75,max
Local Anchoring,10,10.0,15.5,0.5270462766947299,15.0,15.0,15.5,16.0,16.0
Local Anchoring,100,100.0,16.19,3.786459127902049,15.0,15.0,16.0,16.0,46.0
Local Anchoring,1000,1000.0,15.574,0.5466468904355193,14.0,15.0,16.0,16.0,18.0
Local Anchoring,10000,10000.0,15.6021,0.5619672327788381,10.0,15.0,16.0,16.0,19.0
Local Anchoring,100000,100000.0,15.63095,0.5863749106630624,10.0,15.0,16.0,16.0,37.0
Remote Anchoring,10,10.0,30.1,11.493476410555683,20.0,26.25,27.0,27.0,58.0
Remote Anchoring,100,100.0,23.49,2.5165914096714874,18.0,23.0,24.0,25.0,30.0
Remote Anchoring,1000,1000.0,23.968,1.9048896568055078,17.0,23.0,24.0,25.0,31.0
Remote Anchoring,10000,10000.0,23.761,1.9615462692419126,17.0,23.0,24.0,25.0,44.0
Remote Anchoring,100000,100000.0,23.92584,1.9111035601377115,16.0,23.0,24.0,25.0,45.0
Remote Anchoring with mTLS,10,10.0,39.9,1.791957340762082,38.0,39.0,39.0,40.0,44.0
Remote Anchoring with mTLS,100,100.0,40.92,3.948353447893811,34.0,39.0,40.0,41.25,62.0
Remote Anchoring with mTLS,1000,1000.0,39.962,3.345706166080611,33.0,39.0,40.0,41.0,63.0
Remote Anchoring with mTLS,10000,10000.0,39.924,3.2011011706709804,32.0,39.0,39.0,41.0,77.0
Remote Anchoring with mTLS,100000,100000.0,40.07706,3.3364611605897925,32.0,39.0,40.0,41.0,79.0
Local Anchoring,10,10.0,16.2,0.6324555320336759,15.0,16.0,16.0,16.75,17.0
Local Anchoring,100,100.0,16.73,2.9843192885751404,15.0,16.0,16.0,17.0,39.0
Local Anchoring,1000,1000.0,16.114,0.6924474590057178,10.0,16.0,16.0,17.0,18.0
Local Anchoring,10000,10000.0,16.1322,0.6759947166108546,11.0,16.0,16.0,17.0,19.0
Local Anchoring,100000,100000.0,16.14664,0.6747453321165926,10.0,16.0,16.0,17.0,38.0
Remote Anchoring,10,10.0,27.5,7.184087354084102,23.0,24.0,24.0,25.75,42.0
Remote Anchoring,100,100.0,23.93,2.999174970729537,17.0,23.0,24.0,24.0,50.0
Remote Anchoring,1000,1000.0,23.229,2.105467167160773,16.0,23.0,24.0,24.0,30.0
Remote Anchoring,10000,10000.0,23.1294,1.9870204994027016,16.0,23.0,24.0,24.0,32.0
Remote Anchoring,100000,100000.0,23.25411,2.194836276573714,16.0,23.0,23.0,24.0,262.0
Remote Anchoring with mTLS,10,10.0,45.5,11.587828863845797,40.0,41.0,41.0,42.75,78.0
Remote Anchoring with mTLS,100,100.0,42.01,5.240662692307675,34.0,40.0,41.0,42.0,70.0
Remote Anchoring with mTLS,1000,1000.0,40.974,3.390696214764864,33.0,40.0,41.0,42.0,69.0
Remote Anchoring with mTLS,10000,10000.0,40.8027,3.41753429596069,33.0,40.0,41.0,42.0,91.0
Remote Anchoring with mTLS,100000,100000.0,40.01998,3.3878098488786645,32.0,39.0,40.0,41.0,83.0
Local Anchoring,10,10.0,16.0,0.4714045207910317,15.0,16.0,16.0,16.0,17.0
Local Anchoring,100,100.0,16.07,3.4996536625180164,15.0,15.0,16.0,16.0,42.0
Local Anchoring,1000,1000.0,15.435,0.6341744059619434,10.0,15.0,15.0,16.0,19.0
Local Anchoring,10000,10000.0,15.6581,0.5611023735356553,13.0,15.0,16.0,16.0,18.0
Local Anchoring,100000,100000.0,15.66562,0.5838265359966144,10.0,15.0,16.0,16.0,37.0
Remote Anchoring,10,10.0,29.6,11.768130220595323,23.0,23.25,25.0,25.0,56.0
Remote Anchoring,100,100.0,24.71,1.7250091494414073,18.0,24.0,25.0,26.0,29.0
Remote Anchoring,1000,1000.0,23.915,2.2191664425409154,17.0,23.0,24.0,25.0,30.0
Remote Anchoring,10000,10000.0,24.0618,1.930842711190549,17.0,24.0,24.0,25.0,35.0
Remote Anchoring,100000,100000.0,24.1648,1.9847469239679432,16.0,24.0,24.0,25.0,46.0
Remote Anchoring with mTLS,10,10.0,42.0,1.699673171197595,40.0,41.0,41.5,42.0,45.0
Remote Anchoring with mTLS,100,100.0,42.24,5.925667502782738,37.0,40.0,41.0,42.0,72.0
Remote Anchoring with mTLS,1000,1000.0,41.099,3.520737791229929,33.0,40.0,41.0,42.0,67.0
Remote Anchoring with mTLS,10000,10000.0,40.8599,3.3672846405650168,33.0,39.0,40.0,42.0,76.0
Remote Anchoring with mTLS,100000,100000.0,40.88928,3.4242953055455163,32.0,39.0,40.0,42.0,86.0
Local Anchoring,10,10.0,15.9,0.7378647873726218,15.0,15.25,16.0,16.0,17.0
Local Anchoring,100,100.0,16.58,3.0852532924847336,15.0,16.0,16.0,17.0,39.0
Local Anchoring,1000,1000.0,16.02,0.5691431488860504,15.0,16.0,16.0,16.0,18.0
Local Anchoring,10000,10000.0,16.0439,0.6406354902619165,10.0,16.0,16.0,16.0,36.0
Local Anchoring,100000,100000.0,16.04994,0.5527830063325004,10.0,16.0,16.0,16.0,37.0
Remote Anchoring,10,10.0,27.7,5.9076221950967716,24.0,25.0,26.0,27.75,44.0
Remote Anchoring,100,100.0,25.44,2.4050452021204127,23.0,24.0,25.0,26.0,39.0
Remote Anchoring,1000,1000.0,24.176,2.146073071829021,18.0,24.0,24.0,25.25,31.0
Remote Anchoring,10000,10000.0,24.1397,2.2519527168889533,18.0,24.0,24.0,25.0,35.0
Remote Anchoring,100000,100000.0,24.49055,2.198330963273634,17.0,24.0,25.0,25.0,248.0
Remote Anchoring with mTLS,10,10.0,45.1,12.215200002910763,39.0,39.25,41.0,42.75,79.0
Remote Anchoring with mTLS,100,100.0,42.6,5.526794237662062,34.0,40.0,41.0,43.0,68.0
Remote Anchoring with mTLS,1000,1000.0,40.299,3.295521121076217,33.0,39.0,40.0,42.0,67.0
Remote Anchoring with mTLS,10000,10000.0,40.4527,3.3904737487884358,33.0,39.0,40.0,42.0,69.0
Remote Anchoring with mTLS,100000,100000.0,40.77599,3.383897756662378,33.0,39.0,40.0,42.0,83.0
Local Anchoring,10,10.0,15.6,0.6992058987801011,15.0,15.0,15.5,16.0,17.0
Local Anchoring,100,100.0,16.7,3.4509550720186017,15.0,16.0,16.0,17.0,47.0
Local Anchoring,1000,1000.0,16.236,0.6345917638188416,11.0,16.0,16.0,17.0,18.0
Local Anchoring,10000,10000.0,16.075,0.5936415088452286,11.0,16.0,16.0,16.0,19.0
Local Anchoring,100000,100000.0,16.15757,0.5428302144748336,11.0,16.0,16.0,16.0,39.0
Remote Anchoring,10,10.0,23.2,9.81835016690686,18.0,19.0,19.0,22.25,50.0
Remote Anchoring,100,100.0,24.45,3.906417925683457,19.0,24.0,25.0,25.0,53.0
Remote Anchoring,1000,1000.0,24.538,1.622710445270252,18.0,24.0,25.0,25.0,29.0
Remote Anchoring,10000,10000.0,24.4448,1.996134117523527,17.0,24.0,25.0,25.0,33.0
Remote Anchoring,100000,100000.0,24.63341,1.961973563864849,17.0,24.0,25.0,26.0,46.0
Remote Anchoring with mTLS,10,10.0,42.9,11.532080856848381,36.0,38.0,39.5,41.0,75.0
Remote Anchoring with mTLS,100,100.0,41.6,3.6459469679260677,36.0,40.0,41.0,42.0,66.0
Remote Anchoring with mTLS,1000,1000.0,40.999,3.617469431119652,33.0,40.0,41.0,42.0,70.0
Remote Anchoring with mTLS,10000,10000.0,41.0212,4.699421136257539,33.0,40.0,41.0,42.0,277.0
Remote Anchoring with mTLS,100000,100000.0,41.0687,3.335672582419967,33.0,40.0,41.0,42.0,97.0
Local Anchoring,10,10.0,15.6,0.5163977794943222,15.0,15.0,16.0,16.0,16.0
Local Anchoring,10,10.0,15.4,0.5163977794943222,15.0,15.0,15.0,16.0,16.0
Local Anchoring,10,10.0,15.7,0.483045891539648,15.0,15.25,16.0,16.0,16.0
Local Anchoring,10,10.0,19.1,12.617888536166069,15.0,15.0,15.0,15.0,55.0
Local Anchoring,10,10.0,15.6,0.6992058987801011,15.0,15.0,15.5,16.0,17.0
Local Anchoring,10,10.0,15.6,0.5163977794943223,15.0,15.0,16.0,16.0,16.0
Local Anchoring,10,10.0,15.4,0.5163977794943223,15.0,15.0,15.0,16.0,16.0
Local Anchoring,10,10.0,15.6,0.5163977794943223,15.0,15.0,16.0,16.0,16.0
Local Anchoring,10,10.0,15.6,0.5163977794943223,15.0,15.0,16.0,16.0,16.0
Local Anchoring,10,10.0,17.0,6.0,14.0,15.0,15.0,15.75,34.0
Remote Anchoring,10,10.0,24.8,1.2292725943057183,23.0,24.0,24.5,25.75,27.0
Remote Anchoring,10,10.0,24.2,1.6865480854231356,20.0,24.0,24.0,25.0,26.0
Remote Anchoring,10,10.0,24.2,0.42163702135578396,24.0,24.0,24.0,24.0,25.0
Remote Anchoring,10,10.0,25.3,1.0593499054713802,24.0,24.25,25.5,26.0,27.0
Remote Anchoring,10,10.0,26.1,3.7252889522529364,23.0,24.0,25.0,26.75,36.0
Remote Anchoring,10,10.0,25.4,1.7126976771553506,24.0,24.25,25.0,25.0,29.0
Remote Anchoring,10,10.0,25.7,1.70293863659264,23.0,24.25,26.0,26.75,28.0
Remote Anchoring,10,10.0,24.9,1.1972189997378646,23.0,24.0,25.0,25.75,27.0
Remote Anchoring,10,10.0,24.9,1.1005049346146119,24.0,24.0,24.5,25.75,27.0
Remote Anchoring,10,10.0,25.1,1.1972189997378646,24.0,24.25,25.0,25.0,28.0
